Workbook

Sheet smart_logistics_dataset
A1: Timestamp | B1: Asset_ID | C1: Latitude | D1: Longitude | E1: Inventory_Level | F1: Shipment_Status | G1: Temperature | H1: Humidity | I1: Traffic_Status | J1: Waiting_Time | K1: User_Transaction_Amount | L1: User_Purchase_Frequency | M1: Logistics_Delay_Reason | N1: Asset_Utilization | O1: Demand_Forecast | P1: Logistics_Delay
A2: 45371.008 | B2: Truck_7 | C2: -65.7383 | D2: 11.2497 | E2: 390 | F2: Delayed | G2: 27 | H2: 67.8 | I2: Detour | J2: 38 | K2: 320 | L2: 4 | M2: None | N2: 60.1 | O2: 285 | P2: 1
A3: 45595.329 | B3: Truck_6 | C3: 22.2748 | D3: -131.7086 | E3: 491 | F3: In Transit | G3: 22.5 | H3: 54.3 | I3: Heavy | J3: 16 | K3: 439 | L3: 7 | M3: Weather | N3: 80.9 | O3: 174 | P3: 1
A4: 45502.78 | B4: Truck_10 | C4: 54.9232 | D4: 79.5455 | E4: 190 | F4: In Transit | G4: 25.2 | H4: 62.2 | I4: Detour | J4: 34 | K4: 355 | L4: 3 | M4: None | N4: 99.2 | O4: 260 | P4: 0
A5: 45593.035 | B5: Truck_9 | C5: 42.3900 | D5: -1.4788 | E5: 330 | F5: Delivered | G5: 25.4 | H5: 52.3 | I5: Heavy | J5: 37 | K5: 227 | L5: 5 | M5: Traffic | N5: 97.4 | O5: 160 | P5: 1
A6: 45562.662 | B6: Truck_7 | C6: -65.8477 | D6: 47.9468 | E6: 480 | F6: Delayed | G6: 20.5 | H6: 57.2 | I6: Clear | J6: 56 | K6: 197 | L6: 6 | M6: None | N6: 71.6 | O6: 270 | P6: 1
A7: 45552.252 | B7: Truck_7 | C7: 73.3312 | D7: 46.5831 | E7: 118 | F7: In Transit | G7: 24.3 | H7: 61.8 | I7: Clear | J7: 56 | K7: 258 | L7: 10 | M7: None | N7: 66.8 | O7: 189 | P7: 0
A8: 45327.36 | B8: Truck_4 | C8: 27.9307 | D8: 147.5317 | E8: 480 | F8: Delayed | G8: 20.7 | H8: 75.4 | I8: Clear | J8: 32 | K8: 263 | L8: 3 | M8: None | N8: 73.3 | O8: 198 | P8: 1
A9: 45563.381 | B9: Truck_9 | C9: 46.5643 | D9: -126.5348 | E9: 222 | F9: In Transit | G9: 23.3 | H9: 64.2 | I9: Detour | J9: 30 | K9: 459 | L9: 9 | M9: Traffic | N9: 73.8 | O9: 253 | P9: 0
A10: 45309.352 | B10: Truck_9 | C10: -83.6737 | D10: -31.7125 | E10: 245 | F10: Delivered | G10: 26.4 | H10: 77.2 | I10: Clear | J10: 14 | K10: 183 | L10: 2 | M10: None | N10: 69.6 | O10: 206 | P10: 0
A11: 45605.034 | B11: Truck_2 | C11: 54.1683 | D11: -135.2676 | E11: 389 | F11: In Transit | G11: 21.9 | H11: 57.3 | I11: Clear | J11: 52 | K11: 127 | L11: 7 | M11: Mechanical Failure | N11: 63.1 | O11: 224 | P11: 0
A12: 45300.972 | B12: Truck_9 | C12: 82.9633 | D12: -154.5274 | E12: 319 | F12: Delayed | G12: 22 | H12: 53.5 | I12: Clear | J12: 28 | K12: 360 | L12: 4 | M12: None | N12: 69.8 | O12: 171 | P12: 1
A13: 45324.936 | B13: Truck_10 | C13: -25.2768 | D13: 156.1262 | E13: 234 | F13: Delivered | G13: 29.7 | H13: 63.6 | I13: Detour | J13: 13 | K13: 406 | L13: 10 | M13: Traffic | N13: 85.5 | O13: 238 | P13: 0
... A1001: 45553.819 | B1001: Truck_8 | C1001: 59.8356 | D1001: -114.4198 | E1001: 157 | F1001: Delayed | G1001: 18.7 | H1001: 73.6 | I1001: Clear | J1001: 55 | K1001: 323 | L1001: 9 | M1001: Mechanical Failure | N1001: 81.3 | O1001: 141 | P1001: 1

Sheet Data Dictionary
A1: Columna | B1: Descripción | C1: Tipo de Dato
A2: Timestamp | B2: Fecha y hora del evento | C2: Fecha/Hora
A3: Asset_ID | B3: Identificador único del camión o activo | C3: Texto
A4: Latitude | B4: Coordenada geográfica de latitud | C4: Decimal
A5: Longitude | B5: Coordenada geográfica de longitud | C5: Decimal
A6: Inventory_Level | B6: Nivel de inventario registrado | C6: Entero
A7: Shipment_Status | B7: Estado actual del envío | C7: Texto
A8: Temperature | B8: Temperatura registrada | C8: Decimal
A9: Humidity | B9: Humedad registrada | C9: Decimal
A10: Traffic_Status | B10: Estado del tráfico | C10: Texto
A11: Waiting_Time | B11: Tiempo de espera registrado | C11: Decimal
A12: User_Transaction_Amount | B12: Monto de la transacción del usuario | C12: Decimal (Moneda)
... A17: Logistics_Delay | B17: Indicador o duración del retraso logístico | C17: Decimal o Entero*

Sheet tbl_logistics
A1: Timestamp | B1: Asset_ID | C1: Latitude | D1: Longitude | E1: Inventory_Level | F1: Shipment_Status | G1: Temperature | H1: Humidity | I1: Traffic_Status | J1: Waiting_Time | K1: User_Transaction_Amount | L1: User_Purchase_Frequency | M1: Logistics_Delay_Reason | N1: Asset_Utilization | O1: Demand_Forecast | P1: Logistics_Delay | Q1: Demand_category
A2: 45371.008 | B2: Truck_7 | C2: -65.7383 | D2: 11.2497 | E2: 390 | F2: Delayed | G2: 27 | H2: 67.8 | I2: Detour | J2: 38 | K2: 320 | L2: 4 | M2: None | N2: 60.1 | O2: 285 | P2: 1 | Q2: =+IF(Tabla2[[#This Row],[Demand_Forecast]]<= 125,"Low demand",IF(Tabla2[[#This Row],[Demand_Forecast]] >=285,"High demand","Mid demand")) -> High demand | R2: =+COUNT(Tabla2[]) -> 10000
A3: 45595.329 | B3: Truck_6 | C3: 22.2748 | D3: -131.7086 | E3: 491 | F3: In Transit | G3: 22.5 | H3: 54.3 | I3: Heavy | J3: 16 | K3: 439 | L3: 7 | M3: Weather | N3: 80.9 | O3: 174 | P3: 1 | Q3: =+IF(Tabla2[[#This Row],[Demand_Forecast]]<= 125,"Low demand",IF(Tabla2[[#This Row],[Demand_Forecast]] >=285,"High demand","Mid demand")) -> Mid demand
A4: 45502.78 | B4: Truck_10 | C4: 54.9232 | D4: 79.5455 | E4: 190 | F4: In Transit | G4: 25.2 | H4: 62.2 | I4: Detour | J4: 34 | K4: 355 | L4: 3 | M4: None | N4: 99.2 | O4: 260 | P4: 0 | Q4: =+IF(Tabla2[[#This Row],[Demand_Forecast]]<= 125,"Low demand",IF(Tabla2[[#This Row],[Demand_Forecast]] >=285,"High demand","Mid demand")) -> Mid demand
A5: 45593.035 | B5: Truck_9 | C5: 42.3900 | D5: -1.4788 | E5: 330 | F5: Delivered | G5: 25.4 | H5: 52.3 | I5: Heavy | J5: 37 | K5: 227 | L5: 5 | M5: Traffic | N5: 97.4 | O5: 160 | P5: 1 | Q5: =+IF(Tabla2[[#This Row],[Demand_Forecast]]<= 125,"Low demand",IF(Tabla2[[#This Row],[Demand_Forecast]] >=285,"High demand","Mid demand")) -> Mid demand
A6: 45562.662 | B6: Truck_7 | C6: -65.8477 | D6: 47.9468 | E6: 480 | F6: Delayed | G6: 20.5 | H6: 57.2 | I6: Clear | J6: 56 | K6: 197 | L6: 6 | M6: None | N6: 71.6 | O6: 270 | P6: 1 | Q6: =+IF(Tabla2[[#This Row],[Demand_Forecast]]<= 125,"Low demand",IF(Tabla2[[#This Row],[Demand_Forecast]] >=285,"High demand","Mid demand")) -> Mid demand
A7: 45552.252 | B7: Truck_7 | C7: 73.3312 | D7: 46.5831 | E7: 118 | F7: In Transit | G7: 24.3 | H7: 61.8 | I7: Clear | J7: 56 | K7: 258 | L7: 10 | M7: None | N7: 66.8 | O7: 189 | P7: 0 | Q7: =+IF(Tabla2[[#This Row],[Demand_Forecast]]<= 125,"Low demand",IF(Tabla2[[#This Row],[Demand_Forecast]] >=285,"High demand","Mid demand")) -> Mid demand
A8: 45327.36 | B8: Truck_4 | C8: 27.9307 | D8: 147.5317 | E8: 480 | F8: Delayed | G8: 20.7 | H8: 75.4 | I8: Clear | J8: 32 | K8: 263 | L8: 3 | M8: None | N8: 73.3 | O8: 198 | P8: 1 | Q8: =+IF(Tabla2[[#This Row],[Demand_Forecast]]<= 125,"Low demand",IF(Tabla2[[#This Row],[Demand_Forecast]] >=285,"High demand","Mid demand")) -> Mid demand
A9: 45563.381 | B9: Truck_9 | C9: 46.5643 | D9: -126.5348 | E9: 222 | F9: In Transit | G9: 23.3 | H9: 64.2 | I9: Detour | J9: 30 | K9: 459 | L9: 9 | M9: Traffic | N9: 73.8 | O9: 253 | P9: 0 | Q9: =+IF(Tabla2[[#This Row],[Demand_Forecast]]<= 125,"Low demand",IF(Tabla2[[#This Row],[Demand_Forecast]] >=285,"High demand","Mid demand")) -> Mid demand
A10: 45309.352 | B10: Truck_9 | C10: -83.6737 | D10: -31.7125 | E10: 245 | F10: Delivered | G10: 26.4 | H10: 77.2 | I10: Clear | J10: 14 | K10: 183 | L10: 2 | M10: None | N10: 69.6 | O10: 206 | P10: 0 | Q10: =+IF(Tabla2[[#This Row],[Demand_Forecast]]<= 125,"Low demand",IF(Tabla2[[#This Row],[Demand_Forecast]] >=285,"High demand","Mid demand")) -> Mid demand
A11: 45605.034 | B11: Truck_2 | C11: 54.1683 | D11: -135.2676 | E11: 389 | F11: In Transit | G11: 21.9 | H11: 57.3 | I11: Clear | J11: 52 | K11: 127 | L11: 7 | M11: Mechanical Failure | N11: 63.1 | O11: 224 | P11: 0 | Q11: =+IF(Tabla2[[#This Row],[Demand_Forecast]]<= 125,"Low demand",IF(Tabla2[[#This Row],[Demand_Forecast]] >=285,"High demand","Mid demand")) -> Mid demand
A12: 45300.972 | B12: Truck_9 | C12: 82.9633 | D12: -154.5274 | E12: 319 | F12: Delayed | G12: 22 | H12: 53.5 | I12: Clear | J12: 28 | K12: 360 | L12: 4 | M12: None | N12: 69.8 | O12: 171 | P12: 1 | Q12: =+IF(Tabla2[[#This Row],[Demand_Forecast]]<= 125,"Low demand",IF(Tabla2[[#This Row],[Demand_Forecast]] >=285,"High demand","Mid demand")) -> Mid demand
A13: 45324.936 | B13: Truck_10 | C13: -25.2768 | D13: 156.1262 | E13: 234 | F13: Delivered | G13: 29.7 | H13: 63.6 | I13: Detour | J13: 13 | K13: 406 | L13: 10 | M13: Traffic | N13: 85.5 | O13: 238 | P13: 0 | Q13: =+IF(Tabla2[[#This Row],[Demand_Forecast]]<= 125,"Low demand",IF(Tabla2[[#This Row],[Demand_Forecast]] >=285,"High demand","Mid demand")) -> Mid demand
A14: 45339.885 | B14: Truck_8 | C14: -65.5260 | D14: -3.0202 | E14: 154 | F14: In Transit | G14: 21.5 | H14: 74.2 | I14: Detour | J14: 38 | K14: 215 | L14: 3 | M14: Weather | N14: 84.4 | O14: 114 | P14: 0 | Q14: =+IF(Tabla2[[#This Row],[Demand_Forecast]]<= 125,"Low demand",IF(Tabla2[[#This Row],[Demand_Forecast]] >=285,"High demand","Mid demand")) -> Low demand
... A1001: 45553.819 | B1001: Truck_8 | C1001: 59.8356 | D1001: -114.4198 | E1001: 157 | F1001: Delayed | G1001: 18.7 | H1001: 73.6 | I1001: Clear | J1001: 55 | K1001: 323 | L1001: 9 | M1001: Mechanical Failure | N1001: 81.3 | O1001: 141 | P1001: 1 | Q1001: =+IF(Tabla2[[#This Row],[Demand_Forecast]]<= 125,"Low demand",IF(Tabla2[[#This Row],[Demand_Forecast]] >=285,"High demand","Mid demand")) -> Mid demand

Sheet Data Quality Report
A1: Detalles | B1: Resultados
A2: Número de registros | B2: =+COUNT(Tabla2[]) -> 10000
A3: Número de columnas | B3: 16
A4: Número de activos únicos | B4: =+COUNTIF(Tabla2[Shipment_Status],"In Transit") -> 312
A5: Valores nulos | B5: 0
A6: Duplicados | B6: 0

Sheet Data Explore
A1: Detalles | B1: Datos recopilados
A2: Total registros | B2: =+COUNT(Tabla2[]) -> 10000
A3: Total activos | B3: =+COUNTIF(Tabla2[Shipment_Status],"In Transit") -> 312
A4: Inventario promedio | B4: =+AVERAGE(Tabla2[Inventory_Level]) -> 297.915
A5: Tiempo promedio de espera | B5: =+AVERAGE(Tabla2[Waiting_Time]) -> 35.062
A6: Temperatura promedio | B6: =+AVERAGE(Tabla2[[#All],[Temperature]]) -> 23.8939
A7: Humedad promedio | B7: =+AVERAGE(Tabla2[[#All],[Humidity]]) -> 65.0422
A8: Utilización promedio | B8: =+AVERAGE(Tabla2[Asset_Utilization]) -> 79.5991
A9: Demanda promedio | B9: =+AVERAGE(Tabla2[Demand_Forecast]) -> 199.284

Sheet Pyvot tables
A1: Status | E1: Delay | I1: the traffic is a reason for the delays? NO | N1: More demand = More Delay
A2: Etiquetas de fila | B2: Cuenta de Shipment_Status | E2: Etiquetas de fila | F2: Cuenta de Logistics_Delay_Reason | I2: Cuenta de Traffic_Status | J2: Etiquetas de columna | N2: Etiquetas de fila | O2: Promedio de Logistics_Delay
A3: Delayed | B3: 350 | E3: Mechanical Failure | F3: 234 | I3: Etiquetas de fila | J3: 0 | K3: 1 | L3: Total general | N3: High demand | O3: 0.56164384
A4: Delivered | B4: 338 | E4: None | F4: 263 | I4: Clear | J4: 213 | K4: 115 | L4: 328 | N4: Low demand | O4: 0.57142857
A5: In Transit | B5: 312 | E5: Traffic | F5: 236 | I5: Detour | J5: 221 | K5: 124 | L5: 345 | N5: Mid demand | O5: 0.55913978
A6: Total general | B6: 1000 | E6: Weather | F6: 267 | I6: Heavy | K6: 327 | L6: 327 | N6: Total general | O6: 0.56112853
A7: The status with more case is Delayed | E7: Total general | F7: 1000 | I7: Total general | J7: 434 | K7: 566 | L7: 1000 | N7: "El análisis de la demanda prevista muestra que los retrasos logísticos promedio permanecen prácticamente constantes entre los niveles bajo, medio y alto de demanda. Por lo tanto, los datos no respaldan la hipótesis de que una mayor demanda genere mayores retrasos."
I8: Los datos indican que condiciones de tráfico más complejas, especialmente tráfico pesado (Heavy), están asociadas con una mayor frecuencia de retrasos logísticos.
A10: Etiquetas de fila | B10: Suma de Logistics_Delay
A11: Mechanical Failure | B11: 133
A12: None | B12: 147
A13: Traffic | B13: 135
A14: Weather | B14: 151
A15: Total general | B15: 566
A16: Which is the reason with more Delays? The bigger reason than other options are Weather, We need to make a new shudele for get a better results.
I19: Suma de Logistics_Delay | J19: Etiquetas de columna
I20: Etiquetas de fila | J20: 0 | K20: 1 | L20: Total general
I21: Truck_1 | J21: 0 | K21: 46 | L21: 46
I22: Truck_10 | J22: 0 | K22: 68 | L22: 68
I23: Truck_2 | J23: 0 | K23: 56 | L23: 56
I24: Truck_3 | J24: 0 | K24: 58 | L24: 58
I25: Truck_4 | J25: 0 | K25: 63 | L25: 63
I26: Truck_5 | J26: 0 | K26: 46 | L26: 46
I27: Truck_6 | J27: 0 | K27: 54 | L27: 54
I28: Truck_7 | J28: 0 | K28: 60 | L28: 60
I29: Truck_8 | J29: 0 | K29: 62 | L29: 62
I30: Truck_9 | J30: 0 | K30: 53 | L30: 53
I31: Total general | J31: 0 | K31: 566 | L31: 566
I32: Los datos indican que condiciones de tráfico más complejas, especialmente tráfico pesado (Heavy), están asociadas con una mayor frecuencia de retrasos logísticos.

Sheet Waiting_status
A1: Waiting_Category | B1: Columna1 | C1: LOW RESULT | D1: MID RESULT | E1: HIGH RESULT | F1: Asset_ID | G1: Asset_Utilization | H1: Ranks | I1: LOW | J1: MID | K1: HIGH
A2: 38 | B2: =+IF(A2<= 20,"Low",IF(A2 > 40,"High","mid")) -> mid | C2: =+COUNTIFS(B2:B1001,"Low") -> 207 | D2: =+COUNTIF(B2:B1001,"Mid") -> 405 | E2: =+COUNTIF(B2:B1001,"High") -> 388 | F2: Truck_7 | G2: 60.1 | H2: =+IF(Waiting_status!$G2<= 40,"Bajo",IF(Waiting_status!$G2 >70,"High","Mid")) -> Mid | I2: =+COUNTIF(Waiting_status!$H$2:$H$1001,"Low") -> 0 | J2: =+COUNTIF(Waiting_status!$H$2:$H$1001,"Mid") -> 269 | K2: =+COUNTIF(Waiting_status!$H$2:$H$1001,"High") -> 731
A3: 16 | B3: =+IF(A3<= 20,"Low",IF(A3 > 40,"High","mid")) -> Low | F3: Truck_6 | G3: 80.9 | H3: =+IF(Waiting_status!$G3<= 40,"Bajo",IF(Waiting_status!$G3 >70,"High","Mid")) -> High
A4: 34 | B4: =+IF(A4<= 20,"Low",IF(A4 > 40,"High","mid")) -> mid | F4: Truck_10 | G4: 99.2 | H4: =+IF(Waiting_status!$G4<= 40,"Bajo",IF(Waiting_status!$G4 >70,"High","Mid")) -> High
A5: 37 | B5: =+IF(A5<= 20,"Low",IF(A5 > 40,"High","mid")) -> mid | F5: Truck_9 | G5: 97.4 | H5: =+IF(Waiting_status!$G5<= 40,"Bajo",IF(Waiting_status!$G5 >70,"High","Mid")) -> High
A6: 56 | B6: =+IF(A6<= 20,"Low",IF(A6 > 40,"High","mid")) -> High | F6: Truck_7 | G6: 71.6 | H6: =+IF(Waiting_status!$G6<= 40,"Bajo",IF(Waiting_status!$G6 >70,"High","Mid")) -> High
A7: 56 | B7: =+IF(A7<= 20,"Low",IF(A7 > 40,"High","mid")) -> High | F7: Truck_7 | G7: 66.8 | H7: =+IF(Waiting_status!$G7<= 40,"Bajo",IF(Waiting_status!$G7 >70,"High","Mid")) -> Mid
A8: 32 | B8: =+IF(A8<= 20,"Low",IF(A8 > 40,"High","mid")) -> mid | F8: Truck_4 | G8: 73.3 | H8: =+IF(Waiting_status!$G8<= 40,"Bajo",IF(Waiting_status!$G8 >70,"High","Mid")) -> High
A9: 30 | B9: =+IF(A9<= 20,"Low",IF(A9 > 40,"High","mid")) -> mid | F9: Truck_9 | G9: 73.8 | H9: =+IF(Waiting_status!$G9<= 40,"Bajo",IF(Waiting_status!$G9 >70,"High","Mid")) -> High
A10: 14 | B10: =+IF(A10<= 20,"Low",IF(A10 > 40,"High","mid")) -> Low | F10: Truck_9 | G10: 69.6 | H10: =+IF(Waiting_status!$G10<= 40,"Bajo",IF(Waiting_status!$G10 >70,"High","Mid")) -> Mid
A11: 52 | B11: =+IF(A11<= 20,"Low",IF(A11 > 40,"High","mid")) -> High | F11: Truck_2 | G11: 63.1 | H11: =+IF(Waiting_status!$G11<= 40,"Bajo",IF(Waiting_status!$G11 >70,"High","Mid")) -> Mid
A12: 28 | B12: =+IF(A12<= 20,"Low",IF(A12 > 40,"High","mid")) -> mid | F12: Truck_9 | G12: 69.8 | H12: =+IF(Waiting_status!$G12<= 40,"Bajo",IF(Waiting_status!$G12 >70,"High","Mid")) -> Mid
A13: 13 | B13: =+IF(A13<= 20,"Low",IF(A13 > 40,"High","mid")) -> Low | F13: Truck_10 | G13: 85.5 | H13: =+IF(Waiting_status!$G13<= 40,"Bajo",IF(Waiting_status!$G13 >70,"High","Mid")) -> High
A14: 38 | B14: =+IF(A14<= 20,"Low",IF(A14 > 40,"High","mid")) -> mid | F14: Truck_8 | G14: 84.4 | H14: =+IF(Waiting_status!$G14<= 40,"Bajo",IF(Waiting_status!$G14 >70,"High","Mid")) -> High
... A1001: 55 | B1001: =+IF(A1001<= 20,"Low",IF(A1001 > 40,"High","mid")) -> High | F1001: Truck_8 | G1001: 81.3 | H1001: =+IF(Waiting_status!$G1001<= 40,"Bajo",IF(Waiting_status!$G1001 >70,"High","Mid")) -> High

Sheet Dasboard
A1: Details | B1: Results | C1: Results
A2: Total envíos | C2: =+COUNTIF(Tabla2[Shipment_Status],"Delivered") -> 338
A3: % retrasos | C3: =+AVERAGE(Tabla2[Logistics_Delay]) -> 0.566
A4: Tiempo promedio espera | B4: =+AVERAGE(Tabla2[[#All],[Waiting_Time]]) -> 35.062 | C4: =+B4/100 -> 0.35062
A5: Inventario promedio | B5: =+AVERAGE(Tabla2[Inventory_Level]) -> 297.915 | C5: =+B5/100 -> 2.97915
A6: Utilización promedio | B6: =+AVERAGE(Tabla2[Asset_Utilization]) -> 79.5991 | C6: =+B6/100 -> 0.795991
A7: Activos únicos | B7: 312 | C7: 312
